,address,city,zip
0,7270 BROADWAY,DENVER,80221
1,1645 E 17TH AVE,DENVER,80218
2,567 E LOUISIANA,DENVER,80210
3,2641 S ESTES,LAKEWOOD,80227
4,1120 S PARKER RD,DENVER,80231
5,2609 FEDERAL BLVD,DENVER,80211
6,9200 W ALAMEDA,LAKEWOOD,80226
7,10722 E ALAMEDA,AURORA,80012
8,10010 E GIRARD,DENVER,80231
9,16080 E COLFAX,AURORA,80011
10,5010 KIPLING ST,WHEAT RIDGE,80033
11,3901 E 112TH AVE UNIT F,THORNTON,80233
12,511 AGATE AVE,GRANBY,80446
13,104 E 18TH ST,GREELEY,80631
14,3177 E COLFAX,DENVER,80206
15,235 W 7TH AVE,WALSENBURG,81089
16,283 HWY 105,MONUMENT,80132
17,6515 S DAYTON,ENGLEWOOD,80111
18,15553 E MISSISSIPPI AVE,AURORA,80017
19,5195 W BYRON PL,DENVER,80212
20,4085 E MISSISSIPPI AVENUE,DENVER,80246
21,525 N UNION,COLORADO SPRINGS,80909
22,1329 MAIN ST,CARBONDALE,81623
23,1240 E FILLMORE,COLORADO SPRINGS,80907
24,1801 S NEVADA AVE,COLORADO SPRINGS,80905
25,1402 HARRISON RD,COLORADO SPRINGS,80905
26,1000 E COLFAX,DENVER,80218
27,8250 W COAL MINE AVE,LITTLETON,80123
28,995 N CIRCLE,COLORADO SPRINGS,80909
29,510 SECURITY BLVD,COLORADO SPRINGS,80911
30,580 JOSEPHINE,DENVER,80206
31,4708 WASHINGTON ST,DENVER,80216
32,201 W FILLMORE,COLORADO SPRINGS,80907
33,12057 PECOS ST,WESTMINSTER,80234
34,1103 YOSEMITE,DENVER,80220
35,1426 N ACADEMY,COLORADO SPRINGS,80909
36,13190 E MISSISSIPPI,AURORA,80012
37,5805 PALMER PARK BLVD,COLORADO SPRINGS,80915
38,5595 S BROADWAY,LITTLETON,80121
39,16601 E SMOKEY HILL RD,AURORA,80015
40,1850 S SHERIDAN,LAKEWOOD,80232
41,10410 MELODY DR,NORTHGLENN,80234
42,623 W GARDEN OF GODS RD,COLORADO SPRINGS,80907
43,1446 N 95TH,LAFAYETTE,80026
44,6025 CONSTITUTION AVE,COLORADO SPRINGS,80915
45,4500 PEORIA ST,DENVER,80239
46,16981 E LINCOLN AVE,PARKER,80134
47,14250 E ILIFF AVE,AURORA,80014
48,6040 BARNES ROAD,COLORADO SPRINGS,80922
49,2434 BRIARGATE PKWY,COLORADO SPRINGS,80920
50,19390 E QUINCY AVE,AURORA,80015
51,21405 E QUINCY AVE,AURORA,80015
52,50 TELEP AVE,JOHNSTOWN,80534
53,6150 E US HWY 34,JOHNSTOWN,80534
54,3810 N FEDERAL BLVD,DENVER,80211
55,1975 E COLFAX AVE,DENVER,80206
56,13697 E ILIFF AVE #1,AURORA,80014
57,3099 W MINERAL AVE,LITTLETON,80120
58,3992 HAVANA STREET,DENVER,80239
59,2825 BRIARGATE BLVD,COLORADO SPRINGS,80920
60,7692 BARNES ROAD,COLORADO SPRINGS,80922
61,6630 S YOSEMITE ST,GREENWOOD VILLAGE,80111
62,6400 E. CROSSROADS BLVD,LOVELAND,80538
63,1600 E EVANS AVENUE,DENVER,80210
64,12060 E 120TH AVENUE,HENDERSON,80640
65,8111 TOWER ROAD,COMMERCE CITY,80022
66,2650 NORTHGATE BLVD,COLORADO SPRINGS,80921
67,8090 MERIDIAN ROAD,PEYTON,80831
68,5601 E 136TH AVE,THORNTON,80602
69,2880 S CIRCLE DR,COLORADO SPRINGS,80906
70,3190 W 38TH AVENUE,DENVER,80211
71,12358 S PARKER RD,PARKER,80134
72,8820 COLORADO BLVD,THORNTON,80229
73,1810 MAIN STREET,SECURITY,80911
74,10815 W JEWELL AVE,DENVER,80232
75,7486 WESTGATE DRIVE,WINDSOR,80528
76,2299 S HAVANA STREET,AURORA,80014
77,6933 E 80TH AVE,COMMERCE CITY,80022
78,2601 S LEWIS WY,LAKEWOOD,80227
79,400 E 104TH AVE,THORNTON,80233
80,"9660 E ALAMEDA AVE
STE 103",DENVER,80247
81,311 W COLLEGE DR,DURANGO,81301
82,10580 HURON ST,NORTHGLENN,80234
83,2913 F ROAD #104,GRAND JUNCTION,81504
84,623 GRAND AVE,PUEBLO,81003
85,723 S PUEBLO BLVD,PUEBLO,81005
86,337 W 1ST STREET,SALIDA,81201
87,821 W TOMICHI AVE,GUNNISON,81230
88,5050 BOARDWALK DR,COLORADO SPRINGS,80919
89,11614 W BELLEVIEW #A,LITTLETON,80127
90,2105 W COLORADO AVE,COLORADO SPRINGS,80904
91,"1370 S PARKER RD
UNIT B",DENVER,80231
92,913 COLORADO AVE,STRATTON,80836
93,922 N 1ST ST,GRAND JUNCTION,81501
94,16920 E QUINCY AVE,AURORA,80015
95,1789 W MISSISSIPPI AVE,DENVER,80223
96,100 W BEAVER CREEK BLVD,AVON,81620
97,"16070 E DARTMOUTH AVE
STE 12",AURORA,80013
98,931 S KIPLING PKWY,LAKEWOOD,80226
99,"5587 N US HIGHWAY 85
UNIT 213",SEDALIA,80135
100,233 E BENNETT AVE,CRIPPLE CREEK,80813
101,3026 F ROAD,GRAND JUNCTION,81504
102,68947 US HWY 85,CARR,80612
103,5198 S LOWELL BLVD,LITTLETON,80123
104,3204 W CR 54G,LAPORTE,80535
105,15015 E HINSDALE DRIVE,CENTENNIAL,80112
106,21 WELD CO RD 27,BRIGHTON,80603
107,6185 BROADWAY W 62ND AVE,DENVER,80216
108,1200 MADISON STREET,DENVER,80206
109,210 SE INDEPENDENCE AVE,CEDAREDGE,81413
110,437 32 ROAD,CLIFTON,81520
111,3199 MESA AVE,GRAND JUNCTION,81504
112,5103 CHAMBERS RD,DENVER,80239
113,6135 N CAREFREE CIRCLE,COLORADO SPRINGS,80922
114,6560 S ACADEMY BLVD,COLORADO SPRINGS,80906
115,12051 N HURON ST,WESTMINSTER,80234
116,23 W WOLFENSBERGER,CASTLE ROCK,80109
117,3600 W 38TH AVE,DENVER,80211
118,7550 S UNIVERSITY BLVD,LITTLETON,80122
119,2290 S HAVANA ST,AURORA,80014
120,595 SUMMIT BLVD,BROOMFIELD,80021
121,2500 W EISENHOWER,LOVELAND,80537
122,4498 SHERIDAN BLVD,DENVER,80212
123,94 W WOLFENSBERGER RD,CASTLE ROCK,80109
124,5600 E 64TH AVE,COMMERCE CITY,80022
125,4825 GALLY RD,COLORADO SPRINGS,80915
126,11195 HURON ST,NORTHGLENN,80234
127,13185 S PARKER ROAD,PARKER,80134
128,14705 E ARAPAHOE RD,AURORA,80016
129,895 W 136TH AVENUE,BROOMFIELD,80023
130,301 E 120TH AVE,THORNTON,80233
131,4797 S WADSWORTH BLVD,LITTLETON,80123
132,575 S HOVER STREET,LONGMONT,80501
133,34 CENTENNIAL BLVD,HIGHLANDS RANCH,80129
134,18565 SMOKY HILL RD,CENTENNIAL,80015
135,9180 W 88TH AVE,WESTMINSTER,80005
136,5390 W 112TH AVE,WESTMINSTER,80020
137,9945 S OSWEGO ST,PARKER,80134
138,6220 S GUN CLUB ROAD,AURORA,80016
139,1110 S BUCKLEY RD,AURORA,80017
140,5601 N QUEBEC STREET,COMMERCE CITY,80022
141,1001 N BROADWAY,DENVER,80203
142,8263 S QUEBEC,ENGLEWOOD,80112
143,2119 GRAND AVE,GLENWOOD SPRINGS,81601
144,1599 W LITTLETON BLVD,LITTLETON,80120
145,2770 HWY 50 SOUTH,GRAND JUNCTION,81503
146,128 S TOWNSEND,MONTROSE,81401
147,508 E MAIN,CORTEZ,81321
148,135 S PLUM STREET,FRUITA,81521
149,1825 CENTRAL PARK DR,STEAMBOAT SPRINGS,80487
150,505 W VICTORY,CRAIG,81625
151,1703 FREMONT,CANON CITY,81212
152,880 N MAIN,GUNNISON,81230
153,3130 MAIN AVE,DURANGO,81301
154,569 32 RD,GRAND JUNCTION,81504
155,103 MARKET ST,EAGLE,81631
156,1051 HWY 133,CARBONDALE,81623
157,438 S HWY 24,BUENA VISTA,81211
158,16400 S TOWNSEND,MONTROSE,81401
159,850 CASTLE VALLEY BLVD,NEW CASTLE,81647
160,2600 N 12TH ST,GRAND JUNCTION,81501
161,200 COUNTRY CENTER DRIVE,PAGOSA SPGS,81147
162,1001 THOMPSON RD,GRANBY,80446
163,4001 N COLORADO BLVD,DENVER,80216
164,2636 US HIGHWAY 24,FLORISSANT,80816
165,3142 EVERGREEN PKWY,EVERGREEN,80439
166,597 MAIN ST,WALDEN,80480
167,1135 E SOUTH BOULDER RD,LOUISVILLE,80027
168,501 RAILROAD ST,GILCREST,80623
169,6079 QUEBEC ST,COMMERCE CITY,80022
170,4000 E 100TH AVE,THORNTON,80229
171,17881 W COLFAX AVE,GOLDEN,80401
172,1805 S FOOTHILLS HIGHWAY,BOULDER,80303
173,19001 HWY 82,CARBONDALE,81623
174,201 ELM ST,STERLING,80751
175,906 PETERSON RD,COLORADO SPRINGS,80915
176,2651 E 120TH AVE,THORNTON,80233
177,701 N UNION BLVD,COLORADO SPRINGS,80909
178,6504 E ALAMEDA AVENUE,DENVER,80224
179,7960 NIWOT RD #A1,LONGMONT,80503
180,15303 E QUINCY AVE,AURORA,80015
181,1004 US HWY 287,BROOMFIELD,80020
182,5595 E FLORIDA AVE,DENVER,80222
183,2438 PATTERSON ROAD,GRAND JUNCTION,81505
184,3768 HWY 52,FREDERICK,80516
185,124 W BRONTOSAURUS BLVD,DINOSAUR,81610
186,18680 E ILIFF AVE #D,AURORA,80013
187,1000 S WADSWORTH BLVD #C,LAKEWOOD,80226
188,180 S ELM,EATON,80615
189,301 S SANTA FE AVE,FOUNTAIN,80817
190,6291 W 58TH AVE,ARVADA,80002
191,24501 N ELBERT ROAD,ELBERT,80106
192,1009 W LITTLETON BLVD,LITTLETON,80120
193,1518 E MAIN STREET,MONTROSE,81401
194,2801 E MAIN ST,CANON CITY,81212
195,303 US HWY 6 & 50,FRUITA,81521
196,928 JERSEY ST,DENVER,80220
197,1833 PETERSON RD,COLORADO SPRINGS,80915
198,2495 N 9TH ST,CANON CITY,81212
199,222 CEDAR ST,JULESBURG,80737
200,11531 W KEN CARYL AVE,LITTLETON,80127
201,3996 E EVANS,DENVER,80210
202,6350 SHERIDAN BLVD,ARVADA,80003
203,1355 KRAMERIA,DENVER,80220
204,1750 W UINTAH,COLORADO SPRINGS,80904
205,2205 W WILDCAT RESERVE PKWY,LITTLETON,80129
206,15250 E MISSISSIPPI AVE,AURORA,80012
207,4910 S YOSEMITE STREET,GREENWOOD VILLAGE,80111
208,13700 COLORADO BLVD,THORNTON,80602
209,1611 PACE ST,LONGMONT,80504
210,6110 FIRESTONE BLVD,LONGMONT,80504
211,25701 E SMOKY HILL RD,AURORA,80016
212,5050 S FEDERAL BLVD,ENGLEWOOD,80110
213,2100 35TH AVE,GREELEY,80634
214,1045 1ST STREET,BENNETT,80102
215,2355 W 136TH AVE,BROOMFIELD,80023
216,9255 N UNION BLVD,COLORADO SPRINGS,80920
217,3050 W NORTHERN AVE,PUEBLO,81005
218,8055 SHERIDAN BLVD,ARVADA,80003
219,7901 S BROADWAY,LITTLETON,80122
220,17761 COTTONWOOD DR,PARKER,80134
221,7984 W ALAMEDA AVE,LAKEWOOD,80226
222,18211 E HAMPDEN AVE,AURORA,80013
223,1891 STATE HWY 7,ERIE,80516
224,3620 AUSTIN BLUFFS PKWY,COLORADO SPRINGS,80918
225,750 RIDGE RD,CASTLE ROCK,80104
226,7915 CONSTITUTION AVE,COLORADO SPRINGS,80951
227,100 N 50TH AVE,BRIGHTON,80601
228,14967 CANDELAS PKWY,ARVADA,80007
229,3050 S PEORIA ST,AURORA,80014
230,19711 E SMOKY HILL RD,CENTENNIAL,80015
231,3100 S SHERIDAN,DENVER,80227
232,3400 YOUNGFIELD ST,WHEAT RIDGE,80033
233,9731 W 58TH AVE,ARVADA,80002
234,9731 W 58TH AVE,ARVADA,80002
235,750 E 104TH AVE,THORNTON,80233
236,11747 W KEN CARYL AVE,LITTLETON,80127
237,6470 E HAMPDEN AVE,DENVER,80222
238,9551 S UNIVERSITY BLVD,HIGHLANDS RANCH,80126
239,6550 LOOKOUT RD,BOULDER,80301
240,1155 S HAVANA,AURORA,80012
241,1927 S WADSWORTH,LAKEWOOD,80227
242,3600 TABLE MESA DRIVE,BOULDER,80305
243,5050 E ARAPAHOE RD,LITTLETON,80122
244,12043 W ALAMEDA,LAKEWOOD,80228
245,6760 S PIERCE ST,LITTLETON,80128
246,102 W 29TH ST,PUEBLO,81008
247,253 E 29TH ST,LOVELAND,80538
248,12350 W 64TH AVE,ARVADA,80004
249,7575 S UNIVERSITY BLVD,LITTLETON,80122
250,17000 E ILIFF AVE,AURORA,80013
251,15109 E COLFAX AVENUE,AURORA,80011
252,9983 WADSWORTH PKWY,BROOMFIELD,80021
253,815 CHEYENNE MEADOWS,COLORADO SPRINGS,80906
254,1545 S KIPLING ST,LAKEWOOD,80232
255,1650 30TH ST,BOULDER,80301
256,8200 S HOLLY,LITTLETON,80122
257,3801 E 120TH AVE,THORNTON,80233
258,4271 S BUCKLEY RD,AURORA,80013
259,2750 S COLORADO BLVD,DENVER,80222
260,12959 S PARKER RD,PARKER,80134
261,3570 HARTSEL DR,COLORADO SPRINGS,80920
262,1070 W BAPTIST RD,COLORADO SPRINGS,80921
263,995 S HOVER ST,LONGMONT,80501
264,500 E BROMLEY LN,BRIGHTON,80601
265,18605 GREEN VALLEY RANCH BLVD,DENVER,80249
266,18605 GREEN VALLEY RANCH BLVD,DENVER,80249
267,6412 S PARKER RD,AURORA,80016
268,15200 W 64TH AVE,ARVADA,80007
269,12167 SHERIDAN BLVD,BROOMFIELD,80020
270,17031 LINCOLN AVE,PARKER,80134
271,1150 US HIGHWAY 287,BROOMFIELD,80020
272,1725 SHERIDAN BLVD,EDGEWATER,80214
273,7284 LAGAE RD,CASTLE ROCK,80108
274,2810 QUEBEC ST,DENVER,80207
275,6000 S HOLLY ST,GREENWOOD VILLAGE,80111
276,5950 S HOLLY ST,GREENWOOD VILLAGE,80111
277,2602 S TIMBERLINE RD,FORT COLLINS,80525
278,6030 STETSON HILLS BLVD,COLORADO SPRINGS,80923
279,26301 HILLTOP DR HWY 74,KITTREDGE,80457
280,705 TAUGHENBAUGH,RIFLE,81650
281,105 6TH ST,GLENWOOD SPRINGS,81601
282,9665 PROMINENT PT,COLORADO SPRINGS,80924
283,7375 DURYEA DR,COLORADO SPRINGS,80923
284,3025 HANCOCK EXPRESS WAY,COLORADO SPRINGS,80916
285,101 RUBY RANCH RD,SILVERTHORNE,80498
286,366 N 71ST AVE,GREELEY,80634
287,30393 KINGS VALLEY DR,CONIFER,80433
288,13799 PACIFIC CIR,LONGMONT,80504
289,7027 20TH STREET,GREELEY,80634
290,80 ANGLERS DR,STEAMBOAT SPRINGS,80477
291,2150 E BRIDGE STREET,BRIGHTON,80601
292,8150 6TH STREET,WELLINGTON,80549
293,308 W AGATE AVE,GRANBY,80446
294,127 LAURA WAY,DACONO,80514
295,1497 E EISENHOWER BLVD,LOVELAND,80537
296,6525 FOUNTAIN MESA RD,COLORADO SPRINGS,80911
297,4901 N CASTLETON DR,CASTLE ROCK,80109
298,243 HWY 5O EAST,AVONDALE,81022
299,150 W DRAKE ROAD,FORT COLLINS,80525
300,2419 N ELIZABETH,PUEBLO,81003
301,4800 THATCHER,PUEBLO,81005
302,6857 SPACE VILLAGE AVE,COLORADO SPRINGS,80915
303,1930 S ACADEMY BLVD,COLORADO SPRINGS,80916
304,2405 W NORTHERN AVE,PUEBLO,81004
305,912 ROYAL GORGE BLVD,CANON CITY,81212
306,137 MANITOU AVE,MANITOU SPRINGS,80829
307,705 CARSON,LAS ANIMAS,81054
308,1525 W 4TH ST,PUEBLO,81004
309,519 W HWY 24,WOODLAND PARK,80866
310,1700 SANTA FE DR,PUEBLO,81006
311,506 E MAIN ST,FLORENCE,81226
312,710 COPPER CENTER PARKWAY,COLORADO SPRINGS,80921
313,161 NORTHGATE BLVD,COLORADO SPRINGS,80921
314,102 N RUBEY DR,GOLDEN,80403
315,700 WARNER DR,GOLDEN,80401
316,8211 6TH ST,WELLINGTON,80549
317,101 W BRONTOSAURUS BLVD,DINOSAUR,81610
318,4125 W NORTHERN AVE,PUEBLO,81005
319,16355 W 64TH AVE,ARVADA,80007
320,1901 WADSWORTH BLVD,LAKEWOOD,80214
321,0100 WELD CO RD 37,BRIGHTON,80603
322,1343 13 ROAD,LOMA,81524
323,301 E OLIVE ST,LAMAR,81052
324,1470 N AIRPORT BLVD,AURORA,80011
325,1005 5TH ST,CALHAN,80808
326,165 N MARKET ST,KEENESBURG,80643
327,1103 E US HWY 50,FRUITA,81521
328,11160 COLORADO BLVD,THORNTON,80233
329,21800 E QUINCY AVE,AURORA,80015
330,107 LAURA WAY,DACONO,80514
331,1020 11TH STREET,GREELEY,80631
332,182 S ST VRAIN AVE,ESTES PARK,80517
333,14375 LINCOLN ST,THORNTON,80023
334,2336 LEGACY CIR,ELIZABETH,80107
335,4620 W 121ST AVE,BROOMFIELD,80020
336,191 S MCCASLIN BLVD,SUPERIOR,80027
337,12780 COLORADO BLVD,THORNTON,80241
338,290 N HWY 287,LAFAYETTE,80026
339,4400 CHAMBERS RD,DENVER,80239
340,2274 S OLIVE ST,DENVER,80224
341,2995 28TH ST,BOULDER,80301
342,943 N MURRAY BLVD,COLORADO SPRINGS,80915
343,403 E OLIVE ST,LAMAR,81052
344,113 ELIZABETH ST,ELIZABETH,80107
345,5500 ARAPAHOE AVE,BOULDER,80303
346,14490 E 6TH AVE,AURORA,80011
347,1301 E MAIN ST,MONTROSE,81401
348,101 S MCCULLOCH BLVD,PUEBLO WEST,81007
349,"5500 S SIMMS ST
STE A",LITTLETON,80127
350,599 W LITTLETON BLVD,LITTLETON,80120
351,140 HWY 550,RIDGWAY,81432
352,210 CRESTWOOD DRIVE,GYPSUM,81637
353,4140 S US HIGHWAY 85 87,COLORADO SPRINGS,80911
354,7735 WADSWORTH BLVD #21,ARVADA,80003
355,910 W CHERRY ST,LOUISVILLE,80027
356,"200 QUEBEC ST
BLDG 400",DENVER,80230
357,1200 S BUCKLEY RD,AURORA,80017
358,323 S BROADWAY,DENVER,80209
359,2512 BROADWAY,GRAND JUNCTION,81507
360,1121 E 17TH AVENUE,LONGMONT,80504
361,451 E WONDER VIEW AVE,ESTES PARK,80517
362,6460 E YALE AVE UNIT 7,DENVER,80222
363,7561 W 80TH AVE,ARVADA,80003
364,9180 W COLFAX,LAKEWOOD,80215
365,20123 E SMOKY HILL RD,CENTENNIAL,80015
366,5025 S KIPLING PKWY,LITTLETON,80127
367,13111 W ALAMEDA PKWY,LAKEWOOD,80228
368,1701 JACKSON ST,GOLDEN,80401
369,6460 E YALE AVE UNIT 7,DENVER,80222
370,11051 S PARKER RD,PARKER,80134
371,2150 S DOWNING ST,DENVER,80210
372,1121 N CIRCLE DR,COLORADO SPRINGS,80909
373,3900 WADSWORTH BLVD,WHEAT RIDGE,80033
374,220 S ELIZABETH ST,ELIZABETH,80107
375,1101 E US HWY 24,WOODLAND PARK,80863
376,12442 W KEN CARYL AVE,LITTLETON,80127
377,560 CORONA ST,DENVER,80218
378,1601 COALTON RD,SUPERIOR,80027
379,1425 S MURRAY BLVD,COLORADO SPRINGS,80916
380,771 THORNTON PKWY,THORNTON,80229
381,6925 MESA RIDGE PKWY,FOUNTAIN,80817
382,757 E 20TH AVE,DENVER,80205
383,620 W PLATTE AVE,FORT MORGAN,80701
384,6220 E 14TH AVE,DENVER,80220
385,181 W MINERAL,LITTLETON,80120
386,27152 MAIN ST,CONIFER,80433
387,860 CLEVELAND AVE,LOVELAND,80537
388,1605 E BRIDGE ST,BRIGHTON,80601
389,1500 E MULBERRY ST,FORT COLLINS,80524
390,1601 S COLLEGE AVE,FORT COLLINS,80525
391,3531 S SHIELDS,FORT COLLINS,80526
392,429 S MASON ST,FORT COLLINS,80524
393,"390 S WILCOX ST
STE F",CASTLE ROCK,80104
394,2000 W MISSISSIPPI AVE,DENVER,80223
395,5901 S UNIVERSITY BLVD,LITTLETON,80121
396,5860 S KIPLING,LITTLETON,80127
397,1201 BONFORTE BLVD,PUEBLO,81001
398,7970 WADSWORTH BLVD,ARVADA,80003
399,3385 S TOWER RD,AURORA,80013
400,11203 W COLFAX AVE,LAKEWOOD,80215
401,1037 CONIFER STREET,FORT COLLINS,80524
402,4742 TABLE MESA DR,BOULDER,80305
403,3925-B EAST 120TH,THORNTON,80233
404,13700 E ALAMEDA #B,AURORA,80012
405,40 E VICTORY WY,CRAIG,81625
406,"7705 WADSWORTH BLVD
UNIT H",ARVADA,80003
407,1525 GREENWOOD AVE,CANON CITY,81212
408,100 SOCIETY DR,TELLURIDE,81435
409,905 WEISS DR  UNIT A,STEAMBOAT SPRINGS,80487
410,2537 EAGLE DR,PAGOSA SPRINGS,81147
411,20453 HWY 160,DURANGO,81301
412,1700 N MAIN ST,LONGMONT,80501
413,15291 E COLFAX AVE,AURORA,80011
414,16 KEARNS RD,SNOWMASS VILLAGE,81615
415,1580 W 84TH AVENUE,DENVER,80260
416,508 W BASELINE ROAD,LAFAYETTE,80026
417,20800 HWY 160,DURANGO,81303
418,9181 SPRUCE MOUNTAIN RD,LARKSPUR,80118
419,4810 LARIMER PARKWAY,JOHNSTOWN,80534
420,8950 E COLFAX AVE,AURORA,80010
421,"18611 GREEN VALLEY RANCH BLVD
UNIT 110",DENVER,80249
422,9697 MONTVIEW BLVD,AURORA,80010
423,1720 E 112TH AVE,NORTHGLENN,80233
424,1000 KNOX CT,DENVER,80204
425,1442 S PARKER RD,DENVER,80231
426,2730 S PRAIRIE AVE,PUEBLO,81005
427,16330 E ARAPAHOE RD,FOXFIELD,80016
428,2024 35TH AVENUE,GREELEY,80634
429,401 MAIN,WINDSOR,80550
430,401 S CIRCLE DR,COLORADO SPRINGS,80910
